{
  "name": "xdlblog",
  "version": "0.0.1",
  "lockfileVersion": 1,
  "requires": true,
  "dependencies": {
    "accepts": {
      "version": "1.3.5",
      "resolved": "https://registry.npmjs.org/accepts/-/accepts-1.3.5.tgz",
      "integrity": "sha1-63d99gEXI6OxTopywIBcjoZ0a9I=",
      "requires": {
        "mime-types": "2.1.18",
        "negotiator": "0.6.1"
      }
    },
    "acorn": {
      "version": "2.7.0",
      "resolved": "https://registry.npmjs.org/acorn/-/acorn-2.7.0.tgz",
      "integrity": "sha1-q259nYhqrKiwhbwzEreaGYQz8Oc="
    },
    "acorn-globals": {
      "version": "1.0.9",
      "resolved": "https://registry.npmjs.org/acorn-globals/-/acorn-globals-1.0.9.tgz",
      "integrity": "sha1-VbtemGkVB7dFedBRNBMhfDgMVM8=",
      "requires": {
        "acorn": "2.7.0"
      }
    },
    "align-text": {
      "version": "0.1.4",
      "resolved": "https://registry.npmjs.org/align-text/-/align-text-0.1.4.tgz",
      "integrity": "sha1-DNkKVhCT810KmSVsIrcGlDP60Rc=",
      "requires": {
        "kind-of": "3.2.2",
        "longest": "1.0.1",
        "repeat-string": "1.6.1"
      }
    },
    "amdefine": {
      "version": "1.0.1",
      "resolved": "https://registry.npmjs.org/amdefine/-/amdefine-1.0.1.tgz",
      "integrity": "sha1-SlKCrBZHKek2Gbz9OtFR+BfOkfU="
    },
    "ansi-styles": {
      "version": "3.2.1",
      "resolved": "https://registry.npmjs.org/ansi-styles/-/ansi-styles-3.2.1.tgz",
      "integrity": "sha512-VT0ZI6kZRdTh8YyJw3SMbYm/u+NqfsAxEpWO0Pf9sq8/e94WxxOpPKx9FR1FlyCtOVDNOQ+8ntlqFxiRc+r5qA==",
      "requires": {
        "color-convert": "1.9.1"
      }
    },
    "argparse": {
      "version": "1.0.10",
      "resolved": "https://registry.npmjs.org/argparse/-/argparse-1.0.10.tgz",
      "integrity": "sha512-o5Roy6tNG4SL/FOkCAN6RzjiakZS25RLYFrcMttJqbdd8BWrnA+fGz57iN5Pb06pvBGvl5gQ0B48dJlslXvoTg==",
      "requires": {
        "sprintf-js": "1.0.3"
      }
    },
    "array-flatten": {
      "version": "1.1.1",
      "resolved": "https://registry.npmjs.org/array-flatten/-/array-flatten-1.1.1.tgz",
      "integrity": "sha1-ml9pkFGx5wczKPKgCJaLZOopVdI="
    },
    "asap": {
      "version": "1.0.0",
      "resolved": "https://registry.npmjs.org/asap/-/asap-1.0.0.tgz",
      "integrity": "sha1-sqRdpf36ILBJb8N2jMJ8EvqRan0="
    },
    "async": {
      "version": "2.1.4",
      "resolved": "https://registry.npmjs.org/async/-/async-2.1.4.tgz",
      "integrity": "sha1-LSFgx3iAMuTdbL4lAvH5osj2zeQ=",
      "requires": {
        "lodash": "4.17.4"
      }
    },
    "asynckit": {
      "version": "0.4.0",
      "resolved": "https://registry.npmjs.org/asynckit/-/asynckit-0.4.0.tgz",
      "integrity": "sha1-x57Zf380y48robyXkLzDZkdLS3k="
    },
    "balanced-match": {
      "version": "1.0.0",
      "resolved": "https://registry.npmjs.org/balanced-match/-/balanced-match-1.0.0.tgz",
      "integrity": "sha1-ibTRmasr7kneFk6gK4nORi1xt2c="
    },
    "basic-auth": {
      "version": "2.0.0",
      "resolved": "https://registry.npmjs.org/basic-auth/-/basic-auth-2.0.0.tgz",
      "integrity": "sha1-AV2z81PgLlY3d1X5YnQuiYHnu7o=",
      "requires": {
        "safe-buffer": "5.1.1"
      },
      "dependencies": {
        "safe-buffer": {
          "version": "5.1.1",
          "resolved": "https://registry.npmjs.org/safe-buffer/-/safe-buffer-5.1.1.tgz",
          "integrity": "sha512-kKvNJn6Mm93gAczWVJg7wH+wGYWNrDHdWvpUmHyEsgCtIwwo3bqPtV4tR5tuPaUhTOo/kvhVwd8XwwOllGYkbg=="
        }
      }
    },
    "bluebird": {
      "version": "3.5.0",
      "resolved": "https://registry.npmjs.org/bluebird/-/bluebird-3.5.0.tgz",
      "integrity": "sha1-eRQg1/VR7qKJdFOop3ZT+WYG1nw="
    },
    "body-parser": {
      "version": "1.18.3",
      "resolved": "https://registry.npmjs.org/body-parser/-/body-parser-1.18.3.tgz",
      "integrity": "sha1-WykhmP/dVTs6DyDe0FkrlWlVyLQ=",
      "requires": {
        "bytes": "3.0.0",
        "content-type": "1.0.4",
        "debug": "2.6.9",
        "depd": "1.1.2",
        "http-errors": "1.6.3",
        "iconv-lite": "0.4.23",
        "on-finished": "2.3.0",
        "qs": "6.5.2",
        "raw-body": "2.3.3",
        "type-is": "1.6.16"
      }
    },
    "brace-expansion": {
      "version": "1.1.11",
      "resolved": "https://registry.npmjs.org/brace-expansion/-/brace-expansion-1.1.11.tgz",
      "integrity": "sha512-iCuPHDFgrHX7H2vEI/5xpz07zSHB00TpugqhmYtVmMO6518mCuRMoOYFldEBl0g187ufozdaHgWKcYFb61qGiA==",
      "requires": {
        "balanced-match": "1.0.0",
        "concat-map": "0.0.1"
      }
    },
    "browser-stdout": {
      "version": "1.3.0",
      "resolved": "https://registry.npmjs.org/browser-stdout/-/browser-stdout-1.3.0.tgz",
      "integrity": "sha1-81HTKWnTL6XXpVZxVCY9korjvR8="
    },
    "bson": {
      "version": "1.0.6",
      "resolved": "https://registry.npmjs.org/bson/-/bson-1.0.6.tgz",
      "integrity": "sha512-D8zmlb46xfuK2gGvKmUjIklQEouN2nQ0LEHHeZ/NoHM2LDiMk2EYzZ5Ntw/Urk+bgMDosOZxaRzXxvhI5TcAVQ=="
    },
    "buffer-shims": {
      "version": "1.0.0",
      "resolved": "https://registry.npmjs.org/buffer-shims/-/buffer-shims-1.0.0.tgz",
      "integrity": "sha1-mXjOMXOIxkmth5MCjDR37wRKi1E="
    },
    "bytes": {
      "version": "3.0.0",
      "resolved": "https://registry.npmjs.org/bytes/-/bytes-3.0.0.tgz",
      "integrity": "sha1-0ygVQE1olpn4Wk6k+odV3ROpYEg="
    },
    "camelcase": {
      "version": "1.2.1",
      "resolved": "https://registry.npmjs.org/camelcase/-/camelcase-1.2.1.tgz",
      "integrity": "sha1-m7UwTS4LVmmLLHWLCKPqqdqlijk="
    },
    "center-align": {
      "version": "0.1.3",
      "resolved": "https://registry.npmjs.org/center-align/-/center-align-0.1.3.tgz",
      "integrity": "sha1-qg0yYptu6XIgBBHL1EYckHvCt60=",
      "requires": {
        "align-text": "0.1.4",
        "lazy-cache": "1.0.4"
      }
    },
    "chalk": {
      "version": "2.1.0",
      "resolved": "https://registry.npmjs.org/chalk/-/chalk-2.1.0.tgz",
      "integrity": "sha512-LUHGS/dge4ujbXMJrnihYMcL4AoOweGnw9Tp3kQuqy1Kx5c1qKjqvMJZ6nVJPMWJtKCTN72ZogH3oeSO9g9rXQ==",
      "requires": {
        "ansi-styles": "3.2.1",
        "escape-string-regexp": "1.0.5",
        "supports-color": "4.5.0"
      }
    },
    "character-parser": {
      "version": "1.2.1",
      "resolved": "https://registry.npmjs.org/character-parser/-/character-parser-1.2.1.tgz",
      "integrity": "sha1-wN3kqxgnE7kZuXCVmhI+zBow/NY="
    },
    "charenc": {
      "version": "0.0.2",
      "resolved": "https://registry.npmjs.org/charenc/-/charenc-0.0.2.tgz",
      "integrity": "sha1-wKHS86cJLgN3S/qD8UwPxXkKhmc="
    },
    "clean-css": {
      "version": "3.4.28",
      "resolved": "https://registry.npmjs.org/clean-css/-/clean-css-3.4.28.tgz",
      "integrity": "sha1-vxlF6C/ICPVWlebd6uwBQA79A/8=",
      "requires": {
        "commander": "2.8.1",
        "source-map": "0.4.4"
      },
      "dependencies": {
        "commander": {
          "version": "2.8.1",
          "resolved": "https://registry.npmjs.org/commander/-/commander-2.8.1.tgz",
          "integrity": "sha1-Br42f+v9oMMwqh4qBy09yXYkJdQ=",
          "requires": {
            "graceful-readlink": "1.0.1"
          }
        }
      }
    },
    "cliui": {
      "version": "2.1.0",
      "resolved": "https://registry.npmjs.org/cliui/-/cliui-2.1.0.tgz",
      "integrity": "sha1-S0dXYP+AJkx2LDoXGQMukcf+oNE=",
      "requires": {
        "center-align": "0.1.3",
        "right-align": "0.1.3",
        "wordwrap": "0.0.2"
      },
      "dependencies": {
        "wordwrap": {
          "version": "0.0.2",
          "resolved": "https://registry.npmjs.org/wordwrap/-/wordwrap-0.0.2.tgz",
          "integrity": "sha1-t5Zpu0LstAn4PVg8rVLKF+qhZD8="
        }
      }
    },
    "color-convert": {
      "version": "1.9.1",
      "resolved": "https://registry.npmjs.org/color-convert/-/color-convert-1.9.1.tgz",
      "integrity": "sha512-mjGanIiwQJskCC18rPR6OmrZ6fm2Lc7PeGFYwCmy5J34wC6F1PzdGL6xeMfmgicfYcNLGuVFA3WzXtIDCQSZxQ==",
      "requires": {
        "color-name": "1.1.3"
      }
    },
    "color-name": {
      "version": "1.1.3",
      "resolved": "https://registry.npmjs.org/color-name/-/color-name-1.1.3.tgz",
      "integrity": "sha1-p9BVi9icQveV3UIyj3QIMcpTvCU="
    },
    "colors": {
      "version": "1.0.3",
      "resolved": "https://registry.npmjs.org/colors/-/colors-1.0.3.tgz",
      "integrity": "sha1-BDP0TYCWgP3rYO0mDxsMJi6CpAs="
    },
    "combined-stream": {
      "version": "1.0.6",
      "resolved": "https://registry.npmjs.org/combined-stream/-/combined-stream-1.0.6.tgz",
      "integrity": "sha1-cj599ugBrFYTETp+RFqbactjKBg=",
      "requires": {
        "delayed-stream": "1.0.0"
      }
    },
    "commander": {
      "version": "2.6.0",
      "resolved": "https://registry.npmjs.org/commander/-/commander-2.6.0.tgz",
      "integrity": "sha1-nfflL7Kgyw+4kFjugMMQQiXzfh0="
    },
    "component-emitter": {
      "version": "1.2.1",
      "resolved": "https://registry.npmjs.org/component-emitter/-/component-emitter-1.2.1.tgz",
      "integrity": "sha1-E3kY1teCg/ffemt8WmPhQOaUJeY="
    },
    "concat-map": {
      "version": "0.0.1",
      "resolved": "https://registry.npmjs.org/concat-map/-/concat-map-0.0.1.tgz",
      "integrity": "sha1-2Klr13/Wjfd5OnMDajug1UBdR3s="
    },
    "config-lite": {
      "version": "2.1.0",
      "resolved": "https://registry.npmjs.org/config-lite/-/config-lite-2.1.0.tgz",
      "integrity": "sha512-eYPW4i7lDKYTo3CSutjL/v08pFZqyyhR6Ql4/X5auZqWQ+tZlWE3INSv+InzxTl6csasyQHQGudqq86kWS/JKA==",
      "requires": {
        "chalk": "2.1.0",
        "js-yaml": "3.9.1",
        "lodash": "4.17.4",
        "optimist": "0.6.1",
        "resolve": "1.4.0",
        "toml": "2.3.2"
      }
    },
    "connect-flash": {
      "version": "0.1.1",
      "resolved": "https://registry.npmjs.org/connect-flash/-/connect-flash-0.1.1.tgz",
      "integrity": "sha1-2GMPJtlaf4UfmVax6MxnMvO2qjA="
    },
    "connect-mongo": {
      "version": "2.0.1",
      "resolved": "https://registry.npmjs.org/connect-mongo/-/connect-mongo-2.0.1.tgz",
      "integrity": "sha512-ghBvVq0SA0SkTFsbAB8HdF1+uoHdFJICSlrTklNloMKXuRpX9IuVBnG0DlKnXBZSQI0Joyaq22cazsrV9+5g2A==",
      "requires": {
        "mongodb": "2.2.35"
      }
    },
    "constantinople": {
      "version": "3.0.2",
      "resolved": "https://registry.npmjs.org/constantinople/-/constantinople-3.0.2.tgz",
      "integrity": "sha1-S5RdmTeQe82Y7ldRIsOBdRZUQUE=",
      "requires": {
        "acorn": "2.7.0"
      }
    },
    "content-disposition": {
      "version": "0.5.2",
      "resolved": "https://registry.npmjs.org/content-disposition/-/content-disposition-0.5.2.tgz",
      "integrity": "sha1-DPaLud318r55YcOoUXjLhdunjLQ="
    },
    "content-type": {
      "version": "1.0.4",
      "resolved": "https://registry.npmjs.org/content-type/-/content-type-1.0.4.tgz",
      "integrity": "sha512-hIP3EEPs8tB9AT1L+NUqtwOAps4mk2Zob89MWXMHjHWg9milF/j4osnnQLXBCBFBk/tvIG/tUc9mOUJiPBhPXA=="
    },
    "cookie": {
      "version": "0.3.1",
      "resolved": "https://registry.npmjs.org/cookie/-/cookie-0.3.1.tgz",
      "integrity": "sha1-5+Ch+e9DtMi6klxcWpboBtFoc7s="
    },
    "cookie-parser": {
      "version": "1.4.3",
      "resolved": "https://registry.npmjs.org/cookie-parser/-/cookie-parser-1.4.3.tgz",
      "integrity": "sha1-D+MfoZ0AC5X0qt8fU/3CuKIDuqU=",
      "requires": {
        "cookie": "0.3.1",
        "cookie-signature": "1.0.6"
      }
    },
    "cookie-signature": {
      "version": "1.0.6",
      "resolved": "https://registry.npmjs.org/cookie-signature/-/cookie-signature-1.0.6.tgz",
      "integrity": "sha1-4wOogrNCzD7oylE6eZmXNNqzriw="
    },
    "cookiejar": {
      "version": "2.1.1",
      "resolved": "https://registry.npmjs.org/cookiejar/-/cookiejar-2.1.1.tgz",
      "integrity": "sha1-Qa1XsbVVlR7BcUEqgZQrHoIA00o="
    },
    "core-util-is": {
      "version": "1.0.2",
      "resolved": "https://registry.npmjs.org/core-util-is/-/core-util-is-1.0.2.tgz",
      "integrity": "sha1-tf1UIgqivFq1eqtxQMlAdUUDwac="
    },
    "crc": {
      "version": "3.4.4",
      "resolved": "https://registry.npmjs.org/crc/-/crc-3.4.4.tgz",
      "integrity": "sha1-naHpgOO9RPxck79as9ozeNheRms="
    },
    "crypt": {
      "version": "0.0.2",
      "resolved": "https://registry.npmjs.org/crypt/-/crypt-0.0.2.tgz",
      "integrity": "sha1-iNf/fsDfuG9xPch7u0LQRNPmxBs="
    },
    "css": {
      "version": "1.0.8",
      "resolved": "https://registry.npmjs.org/css/-/css-1.0.8.tgz",
      "integrity": "sha1-k4aBHKgrzMnuf7WnMrHioxfIo+c=",
      "requires": {
        "css-parse": "1.0.4",
        "css-stringify": "1.0.5"
      }
    },
    "css-parse": {
      "version": "1.0.4",
      "resolved": "https://registry.npmjs.org/css-parse/-/css-parse-1.0.4.tgz",
      "integrity": "sha1-OLBQP7+dqfVOnB29pg4UXHcRe90="
    },
    "css-stringify": {
      "version": "1.0.5",
      "resolved": "https://registry.npmjs.org/css-stringify/-/css-stringify-1.0.5.tgz",
      "integrity": "sha1-sNBClG2ylTu50pKQCmy19tASIDE="
    },
    "cycle": {
      "version": "1.0.3",
      "resolved": "https://registry.npmjs.org/cycle/-/cycle-1.0.3.tgz",
      "integrity": "sha1-IegLK+hYD5i0aPN5QwZisEbDStI="
    },
    "debug": {
      "version": "2.6.9",
      "resolved": "https://registry.npmjs.org/debug/-/debug-2.6.9.tgz",
      "integrity": "sha512-bC7ElrdJaJnPbAP+1EotYvqZsb3ecl5wi6Bfi6BJTUcNowp6cvspg0jXznRTKDjm/E7AdgFBVeAPVMNcKGsHMA==",
      "requires": {
        "ms": "2.0.0"
      }
    },
    "decamelize": {
      "version": "1.2.0",
      "resolved": "https://registry.npmjs.org/decamelize/-/decamelize-1.2.0.tgz",
      "integrity": "sha1-9lNNFRSCabIDUue+4m9QH5oZEpA="
    },
    "delayed-stream": {
      "version": "1.0.0",
      "resolved": "https://registry.npmjs.org/delayed-stream/-/delayed-stream-1.0.0.tgz",
      "integrity": "sha1-3zrhmayt+31ECqrgsp4icrJOxhk="
    },
    "depd": {
      "version": "1.1.2",
      "resolved": "https://registry.npmjs.org/depd/-/depd-1.1.2.tgz",
      "integrity": "sha1-m81S4UwJd2PnSbJ0xDRu0uVgtak="
    },
    "destroy": {
      "version": "1.0.4",
      "resolved": "https://registry.npmjs.org/destroy/-/destroy-1.0.4.tgz",
      "integrity": "sha1-l4hXRCxEdJ5CBmE+N5RiBYJqvYA="
    },
    "diff": {
      "version": "3.3.1",
      "resolved": "https://registry.npmjs.org/diff/-/diff-3.3.1.tgz",
      "integrity": "sha512-MKPHZDMB0o6yHyDryUOScqZibp914ksXwAMYMTHj6KO8UeKsRYNJD3oNCKjTqZon+V488P7N/HzXF8t7ZR95ww=="
    },
    "ee-first": {
      "version": "1.1.1",
      "resolved": "https://registry.npmjs.org/ee-first/-/ee-first-1.1.1.tgz",
      "integrity": "sha1-WQxhFWsK4vTwJVcyoViyZrxWsh0="
    },
    "ejs": {
      "version": "2.6.1",
      "resolved": "https://registry.npmjs.org/ejs/-/ejs-2.6.1.tgz",
      "integrity": "sha512-0xy4A/twfrRCnkhfk8ErDi5DqdAsAqeGxht4xkCUrsvhhbQNs7E+4jV0CN7+NKIY0aHE72+XvqtBIXzD31ZbXQ=="
    },
    "encodeurl": {
      "version": "1.0.2",
      "resolved": "https://registry.npmjs.org/encodeurl/-/encodeurl-1.0.2.tgz",
      "integrity": "sha1-rT/0yG7C0CkyL1oCw6mmBslbP1k="
    },
    "es6-promise": {
      "version": "3.2.1",
      "resolved": "https://registry.npmjs.org/es6-promise/-/es6-promise-3.2.1.tgz",
      "integrity": "sha1-7FYjOGgDKQkgcXDDlEjiREndH8Q="
    },
    "escape-html": {
      "version": "1.0.3",
      "resolved": "https://registry.npmjs.org/escape-html/-/escape-html-1.0.3.tgz",
      "integrity": "sha1-Aljq5NPQwJdN4cFpGI7wBR0dGYg="
    },
    "escape-string-regexp": {
      "version": "1.0.5",
      "resolved": "https://registry.npmjs.org/escape-string-regexp/-/escape-string-regexp-1.0.5.tgz",
      "integrity": "sha1-G2HAViGQqN/2rjuyzwIAyhMLhtQ="
    },
    "esprima": {
      "version": "4.0.0",
      "resolved": "https://registry.npmjs.org/esprima/-/esprima-4.0.0.tgz",
      "integrity": "sha512-oftTcaMu/EGrEIu904mWteKIv8vMuOgGYo7EhVJJN00R/EED9DCua/xxHRdYnKtcECzVg7xOWhflvJMnqcFZjw=="
    },
    "etag": {
      "version": "1.8.1",
      "resolved": "https://registry.npmjs.org/etag/-/etag-1.8.1.tgz",
      "integrity": "sha1-Qa4u62XvpiJorr/qg6x9eSmbCIc="
    },
    "express": {
      "version": "4.16.3",
      "resolved": "https://registry.npmjs.org/express/-/express-4.16.3.tgz",
      "integrity": "sha1-avilAjUNsyRuzEvs9rWjTSL37VM=",
      "requires": {
        "accepts": "1.3.5",
        "array-flatten": "1.1.1",
        "body-parser": "1.18.2",
        "content-disposition": "0.5.2",
        "content-type": "1.0.4",
        "cookie": "0.3.1",
        "cookie-signature": "1.0.6",
        "debug": "2.6.9",
        "depd": "1.1.2",
        "encodeurl": "1.0.2",
        "escape-html": "1.0.3",
        "etag": "1.8.1",
        "finalhandler": "1.1.1",
        "fresh": "0.5.2",
        "merge-descriptors": "1.0.1",
        "methods": "1.1.2",
        "on-finished": "2.3.0",
        "parseurl": "1.3.2",
        "path-to-regexp": "0.1.7",
        "proxy-addr": "2.0.3",
        "qs": "6.5.1",
        "range-parser": "1.2.0",
        "safe-buffer": "5.1.1",
        "send": "0.16.2",
        "serve-static": "1.13.2",
        "setprototypeof": "1.1.0",
        "statuses": "1.4.0",
        "type-is": "1.6.16",
        "utils-merge": "1.0.1",
        "vary": "1.1.2"
      },
      "dependencies": {
        "body-parser": {
          "version": "1.18.2",
          "resolved": "https://registry.npmjs.org/body-parser/-/body-parser-1.18.2.tgz",
          "integrity": "sha1-h2eKGdhLR9hZuDGZvVm84iKxBFQ=",
          "requires": {
            "bytes": "3.0.0",
            "content-type": "1.0.4",
            "debug": "2.6.9",
            "depd": "1.1.2",
            "http-errors": "1.6.3",
            "iconv-lite": "0.4.19",
            "on-finished": "2.3.0",
            "qs": "6.5.1",
            "raw-body": "2.3.2",
            "type-is": "1.6.16"
          }
        },
        "iconv-lite": {
          "version": "0.4.19",
          "resolved": "https://registry.npmjs.org/iconv-lite/-/iconv-lite-0.4.19.tgz",
          "integrity": "sha512-oTZqweIP51xaGPI4uPa56/Pri/480R+mo7SeU+YETByQNhDG55ycFyNLIgta9vXhILrxXDmF7ZGhqZIcuN0gJQ=="
        },
        "qs": {
          "version": "6.5.1",
          "resolved": "https://registry.npmjs.org/qs/-/qs-6.5.1.tgz",
          "integrity": "sha512-eRzhrN1WSINYCDCbrz796z37LOe3m5tmW7RQf6oBntukAG1nmovJvhnwHHRMAfeoItc1m2Hk02WER2aQ/iqs+A=="
        },
        "raw-body": {
          "version": "2.3.2",
          "resolved": "https://registry.npmjs.org/raw-body/-/raw-body-2.3.2.tgz",
          "integrity": "sha1-vNYMd9Prk83gBQKVw/N5OJvIj4k=",
          "requires": {
            "bytes": "3.0.0",
            "http-errors": "1.6.2",
            "iconv-lite": "0.4.19",
            "unpipe": "1.0.0"
          },
          "dependencies": {
            "depd": {
              "version": "1.1.1",
              "resolved": "https://registry.npmjs.org/depd/-/depd-1.1.1.tgz",
              "integrity": "sha1-V4O04cRZ8G+lyif5kfPQbnoxA1k="
            },
            "http-errors": {
              "version": "1.6.2",
              "resolved": "https://registry.npmjs.org/http-errors/-/http-errors-1.6.2.tgz",
              "integrity": "sha1-CgAsyFcHGSp+eUbO7cERVfYOxzY=",
              "requires": {
                "depd": "1.1.1",
                "inherits": "2.0.3",
                "setprototypeof": "1.0.3",
                "statuses": "1.4.0"
              }
            },
            "setprototypeof": {
              "version": "1.0.3",
              "resolved": "https://registry.npmjs.org/setprototypeof/-/setprototypeof-1.0.3.tgz",
              "integrity": "sha1-ZlZ+NwQ+608E2RvWWMDL77VbjgQ="
            }
          }
        },
        "safe-buffer": {
          "version": "5.1.1",
          "resolved": "https://registry.npmjs.org/safe-buffer/-/safe-buffer-5.1.1.tgz",
          "integrity": "sha512-kKvNJn6Mm93gAczWVJg7wH+wGYWNrDHdWvpUmHyEsgCtIwwo3bqPtV4tR5tuPaUhTOo/kvhVwd8XwwOllGYkbg=="
        },
        "statuses": {
          "version": "1.4.0",
          "resolved": "https://registry.npmjs.org/statuses/-/statuses-1.4.0.tgz",
          "integrity": "sha512-zhSCtt8v2NDrRlPQpCNtw/heZLtfUDqxBM1udqikb/Hbk52LK4nQSwr10u77iopCW5LsyHpuXS0GnEc48mLeew=="
        }
      }
    },
    "express-formidable": {
      "version": "1.0.0",
      "resolved": "https://registry.npmjs.org/express-formidable/-/express-formidable-1.0.0.tgz",
      "integrity": "sha1-3JIvBFUTIyJFip7BowHYkbP/yo0=",
      "requires": {
        "formidable": "1.2.1"
      }
    },
    "express-session": {
      "version": "1.15.6",
      "resolved": "https://registry.npmjs.org/express-session/-/express-session-1.15.6.tgz",
      "integrity": "sha512-r0nrHTCYtAMrFwZ0kBzZEXa1vtPVrw0dKvGSrKP4dahwBQ1BJpF2/y1Pp4sCD/0kvxV4zZeclyvfmw0B4RMJQA==",
      "requires": {
        "cookie": "0.3.1",
        "cookie-signature": "1.0.6",
        "crc": "3.4.4",
        "debug": "2.6.9",
        "depd": "1.1.2",
        "on-headers": "1.0.1",
        "parseurl": "1.3.2",
        "uid-safe": "2.1.5",
        "utils-merge": "1.0.1"
      }
    },
    "express-winston": {
      "version": "2.5.1",
      "resolved": "https://registry.npmjs.org/express-winston/-/express-winston-2.5.1.tgz",
      "integrity": "sha512-mDBfUtYNt1hibuvAKK/grxmT+X1DNcAUgKFQaicfv96+A328tK5O+mGCbV8pK5K3UCUW80r1frnNg0PZMkH1yQ==",
      "requires": {
        "chalk": "0.4.0",
        "lodash": "4.17.10"
      },
      "dependencies": {
        "ansi-styles": {
          "version": "1.0.0",
          "resolved": "https://registry.npmjs.org/ansi-styles/-/ansi-styles-1.0.0.tgz",
          "integrity": "sha1-yxAt8cVvUSPquLZ817mAJ6AnkXg="
        },
        "chalk": {
          "version": "0.4.0",
          "resolved": "https://registry.npmjs.org/chalk/-/chalk-0.4.0.tgz",
          "integrity": "sha1-UZmj3c0MHv4jvAjBsCewYXbgxk8=",
          "requires": {
            "ansi-styles": "1.0.0",
            "has-color": "0.1.7",
            "strip-ansi": "0.1.1"
          }
        },
        "lodash": {
          "version": "4.17.10",
          "resolved": "https://registry.npmjs.org/lodash/-/lodash-4.17.10.tgz",
          "integrity": "sha512-UejweD1pDoXu+AD825lWwp4ZGtSwgnpZxb3JDViD7StjQz+Nb/6l093lx4OQ0foGWNRoc19mWy7BzL+UAK2iVg=="
        }
      }
    },
    "extend": {
      "version": "3.0.1",
      "resolved": "https://registry.npmjs.org/extend/-/extend-3.0.1.tgz",
      "integrity": "sha1-p1Xqe8Gt/MWjHOfnYtuq3F5jZEQ="
    },
    "eyes": {
      "version": "0.1.8",
      "resolved": "https://registry.npmjs.org/eyes/-/eyes-0.1.8.tgz",
      "integrity": "sha1-Ys8SAjTGg3hdkCNIqADvPgzCC8A="
    },
    "finalhandler": {
      "version": "1.1.1",
      "resolved": "https://registry.npmjs.org/finalhandler/-/finalhandler-1.1.1.tgz",
      "integrity": "sha512-Y1GUDo39ez4aHAw7MysnUD5JzYX+WaIj8I57kO3aEPT1fFRL4sr7mjei97FgnwhAyyzRYmQZaTHb2+9uZ1dPtg==",
      "requires": {
        "debug": "2.6.9",
        "encodeurl": "1.0.2",
        "escape-html": "1.0.3",
        "on-finished": "2.3.0",
        "parseurl": "1.3.2",
        "statuses": "1.4.0",
        "unpipe": "1.0.0"
      },
      "dependencies": {
        "statuses": {
          "version": "1.4.0",
          "resolved": "https://registry.npmjs.org/statuses/-/statuses-1.4.0.tgz",
          "integrity": "sha512-zhSCtt8v2NDrRlPQpCNtw/heZLtfUDqxBM1udqikb/Hbk52LK4nQSwr10u77iopCW5LsyHpuXS0GnEc48mLeew=="
        }
      }
    },
    "form-data": {
      "version": "2.3.2",
      "resolved": "https://registry.npmjs.org/form-data/-/form-data-2.3.2.tgz",
      "integrity": "sha1-SXBJi+YEwgwAXU9cI67NIda0kJk=",
      "requires": {
        "asynckit": "0.4.0",
        "combined-stream": "1.0.6",
        "mime-types": "2.1.18"
      }
    },
    "formidable": {
      "version": "1.2.1",
      "resolved": "https://registry.npmjs.org/formidable/-/formidable-1.2.1.tgz",
      "integrity": "sha512-Fs9VRguL0gqGHkXS5GQiMCr1VhZBxz0JnJs4JmMp/2jL18Fmbzvv7vOFRU+U8TBkHEE/CX1qDXzJplVULgsLeg=="
    },
    "forwarded": {
      "version": "0.1.2",
      "resolved": "https://registry.npmjs.org/forwarded/-/forwarded-0.1.2.tgz",
      "integrity": "sha1-mMI9qxF1ZXuMBXPozszZGw/xjIQ="
    },
    "fresh": {
      "version": "0.5.2",
      "resolved": "https://registry.npmjs.org/fresh/-/fresh-0.5.2.tgz",
      "integrity": "sha1-PYyt2Q2XZWn6g1qx+OSyOhBWBac="
    },
    "fs.realpath": {
      "version": "1.0.0",
      "resolved": "https://registry.npmjs.org/fs.realpath/-/fs.realpath-1.0.0.tgz",
      "integrity": "sha1-FQStJSMVjKpA20onh8sBQRmU6k8="
    },
    "glob": {
      "version": "7.1.2",
      "resolved": "https://registry.npmjs.org/glob/-/glob-7.1.2.tgz",
      "integrity": "sha512-MJTUg1kjuLeQCJ+ccE4Vpa6kKVXkPYJ2mOCQyUuKLcLQsdrMCpBPUi8qVE6+YuaJkozeA9NusTAw3hLr8Xe5EQ==",
      "requires": {
        "fs.realpath": "1.0.0",
        "inflight": "1.0.6",
        "inherits": "2.0.3",
        "minimatch": "3.0.4",
        "once": "1.4.0",
        "path-is-absolute": "1.0.1"
      }
    },
    "graceful-readlink": {
      "version": "1.0.1",
      "resolved": "https://registry.npmjs.org/graceful-readlink/-/graceful-readlink-1.0.1.tgz",
      "integrity": "sha1-TK+tdrxi8C+gObL5Tpo906ORpyU="
    },
    "growl": {
      "version": "1.10.3",
      "resolved": "https://registry.npmjs.org/growl/-/growl-1.10.3.tgz",
      "integrity": "sha512-hKlsbA5Vu3xsh1Cg3J7jSmX/WaW6A5oBeqzM88oNbCRQFz+zUaXm6yxS4RVytp1scBoJzSYl4YAEOQIt6O8V1Q=="
    },
    "has-color": {
      "version": "0.1.7",
      "resolved": "https://registry.npmjs.org/has-color/-/has-color-0.1.7.tgz",
      "integrity": "sha1-ZxRKUmDDT8PMpnfQQdr1L+e3iy8="
    },
    "has-flag": {
      "version": "2.0.0",
      "resolved": "https://registry.npmjs.org/has-flag/-/has-flag-2.0.0.tgz",
      "integrity": "sha1-6CB68cx7MNRGzHC3NLXovhj4jVE="
    },
    "he": {
      "version": "1.1.1",
      "resolved": "https://registry.npmjs.org/he/-/he-1.1.1.tgz",
      "integrity": "sha1-k0EP0hsAlzUVH4howvJx80J+I/0="
    },
    "http-errors": {
      "version": "1.6.3",
      "resolved": "https://registry.npmjs.org/http-errors/-/http-errors-1.6.3.tgz",
      "integrity": "sha1-i1VoC7S+KDoLW/TqLjhYC+HZMg0=",
      "requires": {
        "depd": "1.1.2",
        "inherits": "2.0.3",
        "setprototypeof": "1.1.0",
        "statuses": "1.5.0"
      }
    },
    "iconv-lite": {
      "version": "0.4.23",
      "resolved": "https://registry.npmjs.org/iconv-lite/-/iconv-lite-0.4.23.tgz",
      "integrity": "sha512-neyTUVFtahjf0mB3dZT77u+8O0QB89jFdnBkd5P1JgYPbPaia3gXXOVL2fq8VyU2gMMD7SaN7QukTB/pmXYvDA==",
      "requires": {
        "safer-buffer": "2.1.2"
      }
    },
    "inflight": {
      "version": "1.0.6",
      "resolved": "https://registry.npmjs.org/inflight/-/inflight-1.0.6.tgz",
      "integrity": "sha1-Sb1jMdfQLQwJvJEKEHW6gWW1bfk=",
      "requires": {
        "once": "1.4.0",
        "wrappy": "1.0.2"
      }
    },
    "inherits": {
      "version": "2.0.3",
      "resolved": "https://registry.npmjs.org/inherits/-/inherits-2.0.3.tgz",
      "integrity": "sha1-Yzwsg+PaQqUC9SRmAiSA9CCCYd4="
    },
    "ipaddr.js": {
      "version": "1.6.0",
      "resolved": "https://registry.npmjs.org/ipaddr.js/-/ipaddr.js-1.6.0.tgz",
      "integrity": "sha1-4/o1e3c9phnybpXwSdBVxyeW+Gs="
    },
    "is-buffer": {
      "version": "1.1.6",
      "resolved": "https://registry.npmjs.org/is-buffer/-/is-buffer-1.1.6.tgz",
      "integrity": "sha512-NcdALwpXkTm5Zvvbk7owOUSvVvBKDgKP5/ewfXEznmQFfs4ZRmanOeKBTjRVjka3QFoN6XJ+9F3USqfHqTaU5w=="
    },
    "is-promise": {
      "version": "2.1.0",
      "resolved": "https://registry.npmjs.org/is-promise/-/is-promise-2.1.0.tgz",
      "integrity": "sha1-eaKp7OfwlugPNtKy87wWwf9L8/o="
    },
    "isarray": {
      "version": "1.0.0",
      "resolved": "https://registry.npmjs.org/isarray/-/isarray-1.0.0.tgz",
      "integrity": "sha1-u5NdSFgsuhaMBoNJV6VKPgcSTxE="
    },
    "isstream": {
      "version": "0.1.2",
      "resolved": "https://registry.npmjs.org/isstream/-/isstream-0.1.2.tgz",
      "integrity": "sha1-R+Y/evVa+m+S4VAOaQ64uFKcCZo="
    },
    "jade": {
      "version": "1.11.0",
      "resolved": "https://registry.npmjs.org/jade/-/jade-1.11.0.tgz",
      "integrity": "sha1-nIDlOMEtP7lcjZu5VZ+gzAQEBf0=",
      "requires": {
        "character-parser": "1.2.1",
        "clean-css": "3.4.28",
        "commander": "2.6.0",
        "constantinople": "3.0.2",
        "jstransformer": "0.0.2",
        "mkdirp": "0.5.1",
        "transformers": "2.1.0",
        "uglify-js": "2.8.29",
        "void-elements": "2.0.1",
        "with": "4.0.3"
      }
    },
    "js-yaml": {
      "version": "3.9.1",
      "resolved": "https://registry.npmjs.org/js-yaml/-/js-yaml-3.9.1.tgz",
      "integrity": "sha512-CbcG379L1e+mWBnLvHWWeLs8GyV/EMw862uLI3c+GxVyDHWZcjZinwuBd3iW2pgxgIlksW/1vNJa4to+RvDOww==",
      "requires": {
        "argparse": "1.0.10",
        "esprima": "4.0.0"
      }
    },
    "jstransformer": {
      "version": "0.0.2",
      "resolved": "https://registry.npmjs.org/jstransformer/-/jstransformer-0.0.2.tgz",
      "integrity": "sha1-eq4pqQPRls+glz2IXT5HlH7Ndqs=",
      "requires": {
        "is-promise": "2.1.0",
        "promise": "6.1.0"
      }
    },
    "kareem": {
      "version": "2.1.0",
      "resolved": "https://registry.npmjs.org/kareem/-/kareem-2.1.0.tgz",
      "integrity": "sha512-ycoMY1tVkcH1/NaxGn2erZaUC3CodmX7Fl6DUVXjN73+uecWYTaaldRkxNY3HeSKQnQTWnoxRKnZfVHcB8tIWg=="
    },
    "kind-of": {
      "version": "3.2.2",
      "resolved": "https://registry.npmjs.org/kind-of/-/kind-of-3.2.2.tgz",
      "integrity": "sha1-MeohpzS6ubuw8yRm2JOupR5KPGQ=",
      "requires": {
        "is-buffer": "1.1.6"
      }
    },
    "lazy-cache": {
      "version": "1.0.4",
      "resolved": "https://registry.npmjs.org/lazy-cache/-/lazy-cache-1.0.4.tgz",
      "integrity": "sha1-odePw6UEdMuAhF07O24dpJpEbo4="
    },
    "lodash": {
      "version": "4.17.4",
      "resolved": "https://registry.npmjs.org/lodash/-/lodash-4.17.4.tgz",
      "integrity": "sha1-eCA6TRwyiuHYbcpkYONptX9AVa4="
    },
    "lodash.get": {
      "version": "4.4.2",
      "resolved": "https://registry.npmjs.org/lodash.get/-/lodash.get-4.4.2.tgz",
      "integrity": "sha1-LRd/ZS+jHpObRDjVNBSZ36OCXpk="
    },
    "longest": {
      "version": "1.0.1",
      "resolved": "https://registry.npmjs.org/longest/-/longest-1.0.1.tgz",
      "integrity": "sha1-MKCy2jj3N3DoKUoNIuZiXtd9AJc="
    },
    "marked": {
      "version": "0.3.19",
      "resolved": "https://registry.npmjs.org/marked/-/marked-0.3.19.tgz",
      "integrity": "sha512-ea2eGWOqNxPcXv8dyERdSr/6FmzvWwzjMxpfGB/sbMccXoct+xY+YukPD+QTUZwyvK7BZwcr4m21WBOW41pAkg=="
    },
    "media-typer": {
      "version": "0.3.0",
      "resolved": "https://registry.npmjs.org/media-typer/-/media-typer-0.3.0.tgz",
      "integrity": "sha1-hxDXrwqmJvj/+hzgAWhUUmMlV0g="
    },
    "merge-descriptors": {
      "version": "1.0.1",
      "resolved": "https://registry.npmjs.org/merge-descriptors/-/merge-descriptors-1.0.1.tgz",
      "integrity": "sha1-sAqqVW3YtEVoFQ7J0blT8/kMu2E="
    },
    "methods": {
      "version": "1.1.2",
      "resolved": "https://registry.npmjs.org/methods/-/methods-1.1.2.tgz",
      "integrity": "sha1-VSmk1nZUE07cxSZmVoNbD4Ua/O4="
    },
    "mime": {
      "version": "1.4.1",
      "resolved": "https://registry.npmjs.org/mime/-/mime-1.4.1.tgz",
      "integrity": "sha512-KI1+qOZu5DcW6wayYHSzR/tXKCDC5Om4s1z2QJjDULzLcmf3DvzS7oluY4HCTrc+9FiKmWUgeNLg7W3uIQvxtQ=="
    },
    "mime-db": {
      "version": "1.33.0",
      "resolved": "https://registry.npmjs.org/mime-db/-/mime-db-1.33.0.tgz",
      "integrity": "sha512-BHJ/EKruNIqJf/QahvxwQZXKygOQ256myeN/Ew+THcAa5q+PjyTTMMeNQC4DZw5AwfvelsUrA6B67NKMqXDbzQ=="
    },
    "mime-types": {
      "version": "2.1.18",
      "resolved": "https://registry.npmjs.org/mime-types/-/mime-types-2.1.18.tgz",
      "integrity": "sha512-lc/aahn+t4/SWV/qcmumYjymLsWfN3ELhpmVuUFjgsORruuZPVSwAQryq+HHGvO/SI2KVX26bx+En+zhM8g8hQ==",
      "requires": {
        "mime-db": "1.33.0"
      }
    },
    "minimatch": {
      "version": "3.0.4",
      "resolved": "https://registry.npmjs.org/minimatch/-/minimatch-3.0.4.tgz",
      "integrity": "sha512-yJHVQEhyqPLUTgt9B83PXu6W3rx4MvvHvSUvToogpwoGDOUQ+yDrR0HRot+yOCdCO7u4hX3pWft6kWBBcqh0UA==",
      "requires": {
        "brace-expansion": "1.1.11"
      }
    },
    "minimist": {
      "version": "0.0.10",
      "resolved": "https://registry.npmjs.org/minimist/-/minimist-0.0.10.tgz",
      "integrity": "sha1-3j+YVD2/lggr5IrRoMfNqDYwHc8="
    },
    "mkdirp": {
      "version": "0.5.1",
      "resolved": "https://registry.npmjs.org/mkdirp/-/mkdirp-0.5.1.tgz",
      "integrity": "sha1-MAV0OOrGz3+MR2fzhkjWaX11yQM=",
      "requires": {
        "minimist": "0.0.8"
      },
      "dependencies": {
        "minimist": {
          "version": "0.0.8",
          "resolved": "https://registry.npmjs.org/minimist/-/minimist-0.0.8.tgz",
          "integrity": "sha1-hX/Kv8M5fSYluCKCYuhqp6ARsF0="
        }
      }
    },
    "mocha": {
      "version": "4.1.0",
      "resolved": "https://registry.npmjs.org/mocha/-/mocha-4.1.0.tgz",
      "integrity": "sha512-0RVnjg1HJsXY2YFDoTNzcc1NKhYuXKRrBAG2gDygmJJA136Cs2QlRliZG1mA0ap7cuaT30mw16luAeln+4RiNA==",
      "requires": {
        "browser-stdout": "1.3.0",
        "commander": "2.11.0",
        "debug": "3.1.0",
        "diff": "3.3.1",
        "escape-string-regexp": "1.0.5",
        "glob": "7.1.2",
        "growl": "1.10.3",
        "he": "1.1.1",
        "mkdirp": "0.5.1",
        "supports-color": "4.4.0"
      },
      "dependencies": {
        "commander": {
          "version": "2.11.0",
          "resolved": "https://registry.npmjs.org/commander/-/commander-2.11.0.tgz",
          "integrity": "sha512-b0553uYA5YAEGgyYIGYROzKQ7X5RAqedkfjiZxwi0kL1g3bOaBNNZfYkzt/CL0umgD5wc9Jec2FbB98CjkMRvQ=="
        },
        "debug": {
          "version": "3.1.0",
          "resolved": "https://registry.npmjs.org/debug/-/debug-3.1.0.tgz",
          "integrity": "sha512-OX8XqP7/1a9cqkxYw2yXss15f26NKWBpDXQd0/uK/KPqdQhxbPa994hnzjcE2VqQpDslf55723cKPUOGSmMY3g==",
          "requires": {
            "ms": "2.0.0"
          }
        },
        "supports-color": {
          "version": "4.4.0",
          "resolved": "https://registry.npmjs.org/supports-color/-/supports-color-4.4.0.tgz",
          "integrity": "sha512-rKC3+DyXWgK0ZLKwmRsrkyHVZAjNkfzeehuFWdGGcqGDTZFH73+RH6S/RDAAxl9GusSjZSUWYLmT9N5pzXFOXQ==",
          "requires": {
            "has-flag": "2.0.0"
          }
        }
      }
    },
    "moment": {
      "version": "2.22.1",
      "resolved": "https://registry.npmjs.org/moment/-/moment-2.22.1.tgz",
      "integrity": "sha512-shJkRTSebXvsVqk56I+lkb2latjBs8I+pc2TzWc545y2iFnSjm7Wg0QMh+ZWcdSLQyGEau5jI8ocnmkyTgr9YQ=="
    },
    "mongodb": {
      "version": "2.2.35",
      "resolved": "https://registry.npmjs.org/mongodb/-/mongodb-2.2.35.tgz",
      "integrity": "sha512-3HGLucDg/8EeYMin3k+nFWChTA85hcYDCw1lPsWR6yV9A6RgKb24BkLiZ9ySZR+S0nfBjWoIUS7cyV6ceGx5Gg==",
      "requires": {
        "es6-promise": "3.2.1",
        "mongodb-core": "2.1.19",
        "readable-stream": "2.2.7"
      }
    },
    "mongodb-core": {
      "version": "2.1.19",
      "resolved": "https://registry.npmjs.org/mongodb-core/-/mongodb-core-2.1.19.tgz",
      "integrity": "sha512-Jt4AtWUkpuW03kRdYGxga4O65O1UHlFfvvInslEfLlGi+zDMxbBe3J2NVmN9qPJ957Mn6Iz0UpMtV80cmxCVxw==",
      "requires": {
        "bson": "1.0.6",
        "require_optional": "1.0.1"
      }
    },
    "mongoose": {
      "version": "5.1.2",
      "resolved": "https://registry.npmjs.org/mongoose/-/mongoose-5.1.2.tgz",
      "integrity": "sha512-k9hssPMgBnUYG5e9NoUbx/2ERDyelDY0Vf6BwjtmoETUhVT7pQUe1o+oelLLuHF3ZVY2qgienK8pnrI5pdvlxA==",
      "requires": {
        "async": "2.1.4",
        "bson": "1.0.6",
        "kareem": "2.1.0",
        "lodash.get": "4.4.2",
        "mongodb": "3.0.8",
        "mongoose-legacy-pluralize": "1.0.2",
        "mpath": "0.4.1",
        "mquery": "3.0.0",
        "ms": "2.0.0",
        "regexp-clone": "0.0.1",
        "sliced": "1.0.1"
      },
      "dependencies": {
        "mongodb": {
          "version": "3.0.8",
          "resolved": "https://registry.npmjs.org/mongodb/-/mongodb-3.0.8.tgz",
          "integrity": "sha512-mj7yIUyAr9xnO2ev8pcVJ9uX7gSum5LLs1qIFoWLxA5Il50+jcojKtaO1/TbexsScZ9Poz00Pc3b86GiSqJ7WA==",
          "requires": {
            "mongodb-core": "3.0.8"
          }
        },
        "mongodb-core": {
          "version": "3.0.8",
          "resolved": "https://registry.npmjs.org/mongodb-core/-/mongodb-core-3.0.8.tgz",
          "integrity": "sha512-dFxfhH9N7ohuQnINyIl6dqEF8sYOE0WKuymrFf3L3cipJNrx+S8rAbNOTwa00/fuJCjBMJNFsaA+R2N16//UIw==",
          "requires": {
            "bson": "1.0.6",
            "require_optional": "1.0.1"
          }
        }
      }
    },
    "mongoose-legacy-pluralize": {
      "version": "1.0.2",
      "resolved": "https://registry.npmjs.org/mongoose-legacy-pluralize/-/mongoose-legacy-pluralize-1.0.2.tgz",
      "integrity": "sha512-Yo/7qQU4/EyIS8YDFSeenIvXxZN+ld7YdV9LqFVQJzTLye8unujAWPZ4NWKfFA+RNjh+wvTWKY9Z3E5XM6ZZiQ=="
    },
    "morgan": {
      "version": "1.9.0",
      "resolved": "https://registry.npmjs.org/morgan/-/morgan-1.9.0.tgz",
      "integrity": "sha1-0B+mxlhZt2/PMbPLU6OCGjEdgFE=",
      "requires": {
        "basic-auth": "2.0.0",
        "debug": "2.6.9",
        "depd": "1.1.2",
        "on-finished": "2.3.0",
        "on-headers": "1.0.1"
      }
    },
    "mpath": {
      "version": "0.4.1",
      "resolved": "https://registry.npmjs.org/mpath/-/mpath-0.4.1.tgz",
      "integrity": "sha512-NNY/MpBkALb9jJmjpBlIi6GRoLveLUM0pJzgbp9vY9F7IQEb/HREC/nxrixechcQwd1NevOhJnWWV8QQQRE+OA=="
    },
    "mquery": {
      "version": "3.0.0",
      "resolved": "https://registry.npmjs.org/mquery/-/mquery-3.0.0.tgz",
      "integrity": "sha512-WL1Lk8v4l8VFSSwN3yCzY9TXw+fKVYKn6f+w86TRzOLSE8k1yTgGaLBPUByJQi8VcLbOdnUneFV/y3Kv874pnQ==",
      "requires": {
        "bluebird": "3.5.0",
        "debug": "2.6.9",
        "regexp-clone": "0.0.1",
        "sliced": "0.0.5"
      },
      "dependencies": {
        "sliced": {
          "version": "0.0.5",
          "resolved": "https://registry.npmjs.org/sliced/-/sliced-0.0.5.tgz",
          "integrity": "sha1-XtwETKTrb3gW1Qui/GPiXY/kcH8="
        }
      }
    },
    "ms": {
      "version": "2.0.0",
      "resolved": "https://registry.npmjs.org/ms/-/ms-2.0.0.tgz",
      "integrity": "sha1-VgiurfwAvmwpAd9fmGF4jeDVl8g="
    },
    "negotiator": {
      "version": "0.6.1",
      "resolved": "https://registry.npmjs.org/negotiator/-/negotiator-0.6.1.tgz",
      "integrity": "sha1-KzJxhOiZIQEXeyhWP7XnECrNDKk="
    },
    "objectid-to-timestamp": {
      "version": "1.3.0",
      "resolved": "https://registry.npmjs.org/objectid-to-timestamp/-/objectid-to-timestamp-1.3.0.tgz",
      "integrity": "sha1-Yeys9lgHUdIGOzVEZwndjM7C5fE="
    },
    "on-finished": {
      "version": "2.3.0",
      "resolved": "https://registry.npmjs.org/on-finished/-/on-finished-2.3.0.tgz",
      "integrity": "sha1-IPEzZIGwg811M3mSoWlxqi2QaUc=",
      "requires": {
        "ee-first": "1.1.1"
      }
    },
    "on-headers": {
      "version": "1.0.1",
      "resolved": "https://registry.npmjs.org/on-headers/-/on-headers-1.0.1.tgz",
      "integrity": "sha1-ko9dD0cNSTQmUepnlLCFfBAGk/c="
    },
    "once": {
      "version": "1.4.0",
      "resolved": "https://registry.npmjs.org/once/-/once-1.4.0.tgz",
      "integrity": "sha1-WDsap3WWHUsROsF9nFC6753Xa9E=",
      "requires": {
        "wrappy": "1.0.2"
      }
    },
    "optimist": {
      "version": "0.6.1",
      "resolved": "https://registry.npmjs.org/optimist/-/optimist-0.6.1.tgz",
      "integrity": "sha1-2j6nRob6IaGaERwybpDrFaAZZoY=",
      "requires": {
        "minimist": "0.0.10",
        "wordwrap": "0.0.3"
      }
    },
    "parseurl": {
      "version": "1.3.2",
      "resolved": "https://registry.npmjs.org/parseurl/-/parseurl-1.3.2.tgz",
      "integrity": "sha1-/CidTtiZMRlGDBViUyYs3I3mW/M="
    },
    "path-is-absolute": {
      "version": "1.0.1",
      "resolved": "https://registry.npmjs.org/path-is-absolute/-/path-is-absolute-1.0.1.tgz",
      "integrity": "sha1-F0uSaHNVNP+8es5r9TpanhtcX18="
    },
    "path-parse": {
      "version": "1.0.5",
      "resolved": "https://registry.npmjs.org/path-parse/-/path-parse-1.0.5.tgz",
      "integrity": "sha1-PBrfhx6pzWyUMbbqK9dKD/BVxME="
    },
    "path-to-regexp": {
      "version": "0.1.7",
      "resolved": "https://registry.npmjs.org/path-to-regexp/-/path-to-regexp-0.1.7.tgz",
      "integrity": "sha1-32BBeABfUi8V60SQ5yR6G/qmf4w="
    },
    "process-nextick-args": {
      "version": "1.0.7",
      "resolved": "https://registry.npmjs.org/process-nextick-args/-/process-nextick-args-1.0.7.tgz",
      "integrity": "sha1-FQ4gt1ZZCtP5EJPyWk8q2L/zC6M="
    },
    "promise": {
      "version": "6.1.0",
      "resolved": "https://registry.npmjs.org/promise/-/promise-6.1.0.tgz",
      "integrity": "sha1-LOcp9rlLRcJoka0GAsXJDgTG7vY=",
      "requires": {
        "asap": "1.0.0"
      }
    },
    "proxy-addr": {
      "version": "2.0.3",
      "resolved": "https://registry.npmjs.org/proxy-addr/-/proxy-addr-2.0.3.tgz",
      "integrity": "sha512-jQTChiCJteusULxjBp8+jftSQE5Obdl3k4cnmLA6WXtK6XFuWRnvVL7aCiBqaLPM8c4ph0S4tKna8XvmIwEnXQ==",
      "requires": {
        "forwarded": "0.1.2",
        "ipaddr.js": "1.6.0"
      }
    },
    "qs": {
      "version": "6.5.2",
      "resolved": "https://registry.npmjs.org/qs/-/qs-6.5.2.tgz",
      "integrity": "sha512-N5ZAX4/LxJmF+7wN74pUD6qAh9/wnvdQcjq9TZjevvXzSUo7bfmw91saqMjzGS2xq91/odN2dW/WOl7qQHNDGA=="
    },
    "random-bytes": {
      "version": "1.0.0",
      "resolved": "https://registry.npmjs.org/random-bytes/-/random-bytes-1.0.0.tgz",
      "integrity": "sha1-T2ih3Arli9P7lYSMMDJNt11kNgs="
    },
    "range-parser": {
      "version": "1.2.0",
      "resolved": "https://registry.npmjs.org/range-parser/-/range-parser-1.2.0.tgz",
      "integrity": "sha1-9JvmtIeJTdxA3MlKMi9hEJLgDV4="
    },
    "raw-body": {
      "version": "2.3.3",
      "resolved": "https://registry.npmjs.org/raw-body/-/raw-body-2.3.3.tgz",
      "integrity": "sha512-9esiElv1BrZoI3rCDuOuKCBRbuApGGaDPQfjSflGxdy4oyzqghxu6klEkkVIvBje+FF0BX9coEv8KqW6X/7njw==",
      "requires": {
        "bytes": "3.0.0",
        "http-errors": "1.6.3",
        "iconv-lite": "0.4.23",
        "unpipe": "1.0.0"
      }
    },
    "readable-stream": {
      "version": "2.2.7",
      "resolved": "https://registry.npmjs.org/readable-stream/-/readable-stream-2.2.7.tgz",
      "integrity": "sha1-BwV6y+JGeyIELTb5jFrVBwVOlbE=",
      "requires": {
        "buffer-shims": "1.0.0",
        "core-util-is": "1.0.2",
        "inherits": "2.0.3",
        "isarray": "1.0.0",
        "process-nextick-args": "1.0.7",
        "string_decoder": "1.0.3",
        "util-deprecate": "1.0.2"
      }
    },
    "regexp-clone": {
      "version": "0.0.1",
      "resolved": "https://registry.npmjs.org/regexp-clone/-/regexp-clone-0.0.1.tgz",
      "integrity": "sha1-p8LgmJH9vzj7sQ03b7cwA+aKxYk="
    },
    "repeat-string": {
      "version": "1.6.1",
      "resolved": "https://registry.npmjs.org/repeat-string/-/repeat-string-1.6.1.tgz",
      "integrity": "sha1-jcrkcOHIirwtYA//Sndihtp15jc="
    },
    "require_optional": {
      "version": "1.0.1",
      "resolved": "https://registry.npmjs.org/require_optional/-/require_optional-1.0.1.tgz",
      "integrity": "sha512-qhM/y57enGWHAe3v/NcwML6a3/vfESLe/sGM2dII+gEO0BpKRUkWZow/tyloNqJyN6kXSl3RyyM8Ll5D/sJP8g==",
      "requires": {
        "resolve-from": "2.0.0",
        "semver": "5.5.0"
      }
    },
    "resolve": {
      "version": "1.4.0",
      "resolved": "https://registry.npmjs.org/resolve/-/resolve-1.4.0.tgz",
      "integrity": "sha512-aW7sVKPufyHqOmyyLzg/J+8606v5nevBgaliIlV7nUpVMsDnoBGV/cbSLNjZAg9q0Cfd/+easKVKQ8vOu8fn1Q==",
      "requires": {
        "path-parse": "1.0.5"
      }
    },
    "resolve-from": {
      "version": "2.0.0",
      "resolved": "https://registry.npmjs.org/resolve-from/-/resolve-from-2.0.0.tgz",
      "integrity": "sha1-lICrIOlP+h2egKgEx+oUdhGWa1c="
    },
    "right-align": {
      "version": "0.1.3",
      "resolved": "https://registry.npmjs.org/right-align/-/right-align-0.1.3.tgz",
      "integrity": "sha1-YTObci/mo1FWiSENJOFMlhSGE+8=",
      "requires": {
        "align-text": "0.1.4"
      }
    },
    "safe-buffer": {
      "version": "5.1.2",
      "resolved": "https://registry.npmjs.org/safe-buffer/-/safe-buffer-5.1.2.tgz",
      "integrity": "sha512-Gd2UZBJDkXlY7GbJxfsE8/nvKkUEU1G38c1siN6QP6a9PT9MmHB8GnpscSmMJSoF8LOIrt8ud/wPtojys4G6+g=="
    },
    "safer-buffer": {
      "version": "2.1.2",
      "resolved": "https://registry.npmjs.org/safer-buffer/-/safer-buffer-2.1.2.tgz",
      "integrity": "sha512-YZo3K82SD7Riyi0E1EQPojLz7kpepnSQI9IyPbHHg1XXXevb5dJI7tpyN2ADxGcQbHG7vcyRHk0cbwqcQriUtg=="
    },
    "semver": {
      "version": "5.5.0",
      "resolved": "https://registry.npmjs.org/semver/-/semver-5.5.0.tgz",
      "integrity": "sha512-4SJ3dm0WAwWy/NVeioZh5AntkdJoWKxHxcmyP622fOkgHa4z3R0TdBJICINyaSDE6uNwVc8gZr+ZinwZAH4xIA=="
    },
    "send": {
      "version": "0.16.2",
      "resolved": "https://registry.npmjs.org/send/-/send-0.16.2.tgz",
      "integrity": "sha512-E64YFPUssFHEFBvpbbjr44NCLtI1AohxQ8ZSiJjQLskAdKuriYEP6VyGEsRDH8ScozGpkaX1BGvhanqCwkcEZw==",
      "requires": {
        "debug": "2.6.9",
        "depd": "1.1.2",
        "destroy": "1.0.4",
        "encodeurl": "1.0.2",
        "escape-html": "1.0.3",
        "etag": "1.8.1",
        "fresh": "0.5.2",
        "http-errors": "1.6.3",
        "mime": "1.4.1",
        "ms": "2.0.0",
        "on-finished": "2.3.0",
        "range-parser": "1.2.0",
        "statuses": "1.4.0"
      },
      "dependencies": {
        "statuses": {
          "version": "1.4.0",
          "resolved": "https://registry.npmjs.org/statuses/-/statuses-1.4.0.tgz",
          "integrity": "sha512-zhSCtt8v2NDrRlPQpCNtw/heZLtfUDqxBM1udqikb/Hbk52LK4nQSwr10u77iopCW5LsyHpuXS0GnEc48mLeew=="
        }
      }
    },
    "serve-favicon": {
      "version": "2.5.0",
      "resolved": "https://registry.npmjs.org/serve-favicon/-/serve-favicon-2.5.0.tgz",
      "integrity": "sha1-k10kDN/g9YBTB/3+ln2IlCosvPA=",
      "requires": {
        "etag": "1.8.1",
        "fresh": "0.5.2",
        "ms": "2.1.1",
        "parseurl": "1.3.2",
        "safe-buffer": "5.1.1"
      },
      "dependencies": {
        "ms": {
          "version": "2.1.1",
          "resolved": "https://registry.npmjs.org/ms/-/ms-2.1.1.tgz",
          "integrity": "sha512-tgp+dl5cGk28utYktBsrFqA7HKgrhgPsg6Z/EfhWI4gl1Hwq8B/GmY/0oXZ6nF8hDVesS/FpnYaD/kOWhYQvyg=="
        },
        "safe-buffer": {
          "version": "5.1.1",
          "resolved": "https://registry.npmjs.org/safe-buffer/-/safe-buffer-5.1.1.tgz",
          "integrity": "sha512-kKvNJn6Mm93gAczWVJg7wH+wGYWNrDHdWvpUmHyEsgCtIwwo3bqPtV4tR5tuPaUhTOo/kvhVwd8XwwOllGYkbg=="
        }
      }
    },
    "serve-static": {
      "version": "1.13.2",
      "resolved": "https://registry.npmjs.org/serve-static/-/serve-static-1.13.2.tgz",
      "integrity": "sha512-p/tdJrO4U387R9oMjb1oj7qSMaMfmOyd4j9hOFoxZe2baQszgHcSWjuya/CiT5kgZZKRudHNOA0pYXOl8rQ5nw==",
      "requires": {
        "encodeurl": "1.0.2",
        "escape-html": "1.0.3",
        "parseurl": "1.3.2",
        "send": "0.16.2"
      }
    },
    "setprototypeof": {
      "version": "1.1.0",
      "resolved": "https://registry.npmjs.org/setprototypeof/-/setprototypeof-1.1.0.tgz",
      "integrity": "sha512-BvE/TwpZX4FXExxOxZyRGQQv651MSwmWKZGqvmPcRIjDqWub67kTKuIMx43cZZrS/cBBzwBcNDWoFxt2XEFIpQ=="
    },
    "sha1": {
      "version": "1.1.1",
      "resolved": "https://registry.npmjs.org/sha1/-/sha1-1.1.1.tgz",
      "integrity": "sha1-rdqnqTFo85PxnrKxUJFhjicA+Eg=",
      "requires": {
        "charenc": "0.0.2",
        "crypt": "0.0.2"
      }
    },
    "sliced": {
      "version": "1.0.1",
      "resolved": "https://registry.npmjs.org/sliced/-/sliced-1.0.1.tgz",
      "integrity": "sha1-CzpmK10Ewxd7GSa+qCsD+Dei70E="
    },
    "source-map": {
      "version": "0.4.4",
      "resolved": "https://registry.npmjs.org/source-map/-/source-map-0.4.4.tgz",
      "integrity": "sha1-66T12pwNyZneaAMti092FzZSA2s=",
      "requires": {
        "amdefine": "1.0.1"
      }
    },
    "sprintf-js": {
      "version": "1.0.3",
      "resolved": "https://registry.npmjs.org/sprintf-js/-/sprintf-js-1.0.3.tgz",
      "integrity": "sha1-BOaSb2YolTVPPdAVIDYzuFcpfiw="
    },
    "stack-trace": {
      "version": "0.0.10",
      "resolved": "https://registry.npmjs.org/stack-trace/-/stack-trace-0.0.10.tgz",
      "integrity": "sha1-VHxws0fo0ytOEI6hoqFZ5f3eGcA="
    },
    "statuses": {
      "version": "1.5.0",
      "resolved": "https://registry.npmjs.org/statuses/-/statuses-1.5.0.tgz",
      "integrity": "sha1-Fhx9rBd2Wf2YEfQ3cfqZOBR4Yow="
    },
    "string_decoder": {
      "version": "1.0.3",
      "resolved": "https://registry.npmjs.org/string_decoder/-/string_decoder-1.0.3.tgz",
      "integrity": "sha512-4AH6Z5fzNNBcH+6XDMfA/BTt87skxqJlO0lAh3Dker5zThcAxG6mKz+iGu308UKoPPQ8Dcqx/4JhujzltRa+hQ==",
      "requires": {
        "safe-buffer": "5.1.2"
      }
    },
    "strip-ansi": {
      "version": "0.1.1",
      "resolved": "https://registry.npmjs.org/strip-ansi/-/strip-ansi-0.1.1.tgz",
      "integrity": "sha1-OeipjQRNFQZgq+SmgIrPcLt7yZE="
    },
    "superagent": {
      "version": "3.8.2",
      "resolved": "https://registry.npmjs.org/superagent/-/superagent-3.8.2.tgz",
      "integrity": "sha512-gVH4QfYHcY3P0f/BZzavLreHW3T1v7hG9B+hpMQotGQqurOvhv87GcMCd6LWySmBuf+BDR44TQd0aISjVHLeNQ==",
      "requires": {
        "component-emitter": "1.2.1",
        "cookiejar": "2.1.1",
        "debug": "3.1.0",
        "extend": "3.0.1",
        "form-data": "2.3.2",
        "formidable": "1.2.1",
        "methods": "1.1.2",
        "mime": "1.4.1",
        "qs": "6.5.2",
        "readable-stream": "2.2.7"
      },
      "dependencies": {
        "debug": {
          "version": "3.1.0",
          "resolved": "https://registry.npmjs.org/debug/-/debug-3.1.0.tgz",
          "integrity": "sha512-OX8XqP7/1a9cqkxYw2yXss15f26NKWBpDXQd0/uK/KPqdQhxbPa994hnzjcE2VqQpDslf55723cKPUOGSmMY3g==",
          "requires": {
            "ms": "2.0.0"
          }
        }
      }
    },
    "supertest": {
      "version": "3.1.0",
      "resolved": "https://registry.npmjs.org/supertest/-/supertest-3.1.0.tgz",
      "integrity": "sha512-O44AMnmJqx294uJQjfUmEyYOg7d9mylNFsMw/Wkz4evKd1njyPrtCN+U6ZIC7sKtfEVQhfTqFFijlXx8KP/Czw==",
      "requires": {
        "methods": "1.1.2",
        "superagent": "3.8.2"
      }
    },
    "supports-color": {
      "version": "4.5.0",
      "resolved": "https://registry.npmjs.org/supports-color/-/supports-color-4.5.0.tgz",
      "integrity": "sha1-vnoN5ITexcXN34s9WRJQRJEvY1s=",
      "requires": {
        "has-flag": "2.0.0"
      }
    },
    "toml": {
      "version": "2.3.2",
      "resolved": "https://registry.npmjs.org/toml/-/toml-2.3.2.tgz",
      "integrity": "sha1-Xt7VykKIeSSUn9BusOlVZWAB6DQ="
    },
    "transformers": {
      "version": "2.1.0",
      "resolved": "https://registry.npmjs.org/transformers/-/transformers-2.1.0.tgz",
      "integrity": "sha1-XSPLNVYd2F3Gf7hIIwm0fVPM6ac=",
      "requires": {
        "css": "1.0.8",
        "promise": "2.0.0",
        "uglify-js": "2.2.5"
      },
      "dependencies": {
        "is-promise": {
          "version": "1.0.1",
          "resolved": "https://registry.npmjs.org/is-promise/-/is-promise-1.0.1.tgz",
          "integrity": "sha1-MVc3YcBX4zwukaq56W2gjO++duU="
        },
        "optimist": {
          "version": "0.3.7",
          "resolved": "https://registry.npmjs.org/optimist/-/optimist-0.3.7.tgz",
          "integrity": "sha1-yQlBrVnkJzMokjB00s8ufLxuwNk=",
          "requires": {
            "wordwrap": "0.0.3"
          }
        },
        "promise": {
          "version": "2.0.0",
          "resolved": "https://registry.npmjs.org/promise/-/promise-2.0.0.tgz",
          "integrity": "sha1-RmSKqdYFr10ucMMCS/WUNtoCuA4=",
          "requires": {
            "is-promise": "1.0.1"
          }
        },
        "source-map": {
          "version": "0.1.43",
          "resolved": "https://registry.npmjs.org/source-map/-/source-map-0.1.43.tgz",
          "integrity": "sha1-wkvBRspRfBRx9drL4lcbK3+eM0Y=",
          "requires": {
            "amdefine": "1.0.1"
          }
        },
        "uglify-js": {
          "version": "2.2.5",
          "resolved": "https://registry.npmjs.org/uglify-js/-/uglify-js-2.2.5.tgz",
          "integrity": "sha1-puAqcNg5eSuXgEiLe4sYTAlcmcc=",
          "requires": {
            "optimist": "0.3.7",
            "source-map": "0.1.43"
          }
        }
      }
    },
    "type-is": {
      "version": "1.6.16",
      "resolved": "https://registry.npmjs.org/type-is/-/type-is-1.6.16.tgz",
      "integrity": "sha512-HRkVv/5qY2G6I8iab9cI7v1bOIdhm94dVjQCPFElW9W+3GeDOSHmy2EBYe4VTApuzolPcmgFTN3ftVJRKR2J9Q==",
      "requires": {
        "media-typer": "0.3.0",
        "mime-types": "2.1.18"
      }
    },
    "uglify-js": {
      "version": "2.8.29",
      "resolved": "https://registry.npmjs.org/uglify-js/-/uglify-js-2.8.29.tgz",
      "integrity": "sha1-KcVzMUgFe7Th913zW3qcty5qWd0=",
      "requires": {
        "source-map": "0.5.7",
        "uglify-to-browserify": "1.0.2",
        "yargs": "3.10.0"
      },
      "dependencies": {
        "source-map": {
          "version": "0.5.7",
          "resolved": "https://registry.npmjs.org/source-map/-/source-map-0.5.7.tgz",
          "integrity": "sha1-igOdLRAh0i0eoUyA2OpGi6LvP8w="
        }
      }
    },
    "uglify-to-browserify": {
      "version": "1.0.2",
      "resolved": "https://registry.npmjs.org/uglify-to-browserify/-/uglify-to-browserify-1.0.2.tgz",
      "integrity": "sha1-bgkk1r2mta/jSeOabWMoUKD4grc=",
      "optional": true
    },
    "uid-safe": {
      "version": "2.1.5",
      "resolved": "https://registry.npmjs.org/uid-safe/-/uid-safe-2.1.5.tgz",
      "integrity": "sha512-KPHm4VL5dDXKz01UuEd88Df+KzynaohSL9fBh096KWAxSKZQDI2uBrVqtvRM4rwrIrRRKsdLNML/lnaaVSRioA==",
      "requires": {
        "random-bytes": "1.0.0"
      }
    },
    "unpipe": {
      "version": "1.0.0",
      "resolved": "https://registry.npmjs.org/unpipe/-/unpipe-1.0.0.tgz",
      "integrity": "sha1-sr9O6FFKrmFltIF4KdIbLvSZBOw="
    },
    "util-deprecate": {
      "version": "1.0.2",
      "resolved": "https://registry.npmjs.org/util-deprecate/-/util-deprecate-1.0.2.tgz",
      "integrity": "sha1-RQ1Nyfpw3nMnYvvS1KKJgUGaDM8="
    },
    "utils-merge": {
      "version": "1.0.1",
      "resolved": "https://registry.npmjs.org/utils-merge/-/utils-merge-1.0.1.tgz",
      "integrity": "sha1-n5VxD1CiZ5R7LMwSR0HBAoQn5xM="
    },
    "vary": {
      "version": "1.1.2",
      "resolved": "https://registry.npmjs.org/vary/-/vary-1.1.2.tgz",
      "integrity": "sha1-IpnwLG3tMNSllhsLn3RSShj2NPw="
    },
    "void-elements": {
      "version": "2.0.1",
      "resolved": "https://registry.npmjs.org/void-elements/-/void-elements-2.0.1.tgz",
      "integrity": "sha1-wGavtYK7HLQSjWDqkjkulNXp2+w="
    },
    "window-size": {
      "version": "0.1.0",
      "resolved": "https://registry.npmjs.org/window-size/-/window-size-0.1.0.tgz",
      "integrity": "sha1-VDjNLqk7IC76Ohn+iIeu58lPnJ0="
    },
    "winston": {
      "version": "2.4.2",
      "resolved": "https://registry.npmjs.org/winston/-/winston-2.4.2.tgz",
      "integrity": "sha512-4S/Ad4ZfSNl8OccCLxnJmNISWcm2joa6Q0YGDxlxMzH0fgSwWsjMt+SmlNwCqdpaPg3ev1HKkMBsIiXeSUwpbA==",
      "requires": {
        "async": "1.0.0",
        "colors": "1.0.3",
        "cycle": "1.0.3",
        "eyes": "0.1.8",
        "isstream": "0.1.2",
        "stack-trace": "0.0.10"
      },
      "dependencies": {
        "async": {
          "version": "1.0.0",
          "resolved": "https://registry.npmjs.org/async/-/async-1.0.0.tgz",
          "integrity": "sha1-+PwEyjoTeErenhZBr5hXjPvWR6k="
        }
      }
    },
    "with": {
      "version": "4.0.3",
      "resolved": "https://registry.npmjs.org/with/-/with-4.0.3.tgz",
      "integrity": "sha1-7v0VTp550sjTQXtkeo8U2f7M4U4=",
      "requires": {
        "acorn": "1.2.2",
        "acorn-globals": "1.0.9"
      },
      "dependencies": {
        "acorn": {
          "version": "1.2.2",
          "resolved": "https://registry.npmjs.org/acorn/-/acorn-1.2.2.tgz",
          "integrity": "sha1-yM4n3grMdtiW0rH6099YjZ6C8BQ="
        }
      }
    },
    "wordwrap": {
      "version": "0.0.3",
      "resolved": "https://registry.npmjs.org/wordwrap/-/wordwrap-0.0.3.tgz",
      "integrity": "sha1-o9XabNXAvAAI03I0u68b7WMFkQc="
    },
    "wrappy": {
      "version": "1.0.2",
      "resolved": "https://registry.npmjs.org/wrappy/-/wrappy-1.0.2.tgz",
      "integrity": "sha1-tSQ9jz7BqjXxNkYFvA0QNuMKtp8="
    },
    "yargs": {
      "version": "3.10.0",
      "resolved": "https://registry.npmjs.org/yargs/-/yargs-3.10.0.tgz",
      "integrity": "sha1-9+572FfdfB0tOMDnTvvWgdFDH9E=",
      "requires": {
        "camelcase": "1.2.1",
        "cliui": "2.1.0",
        "decamelize": "1.2.0",
        "window-size": "0.1.0"
      }
    }
  }
}
